{"metadata_mean": [0.504975802257196, 0.5785427223484187, 0.6887579774177709, 0.018969072164948458, 2014.4226804123712, 0.43041237113402053, 0.5171267043565017, 9.043986254295534, 0.31958762886597936, 0.504975802257196, 0.5056480105079589, 0.5050945954263609, 0.5000743707015981, 0.5105056304063197, 2.0292544231186604, 2.0095038212622685, 2.0515431221991753, 2.0321505263390716, 2.0295494529201044, 0.467898463148891, 0.4400596941865147, 0.4826328122042564, 0.4557804733576991, 0.46311495547396525, 0.37711364431276917, 0.376567160514997, 0.3776916373204812, 0.5912220651439289, 0.5931813711417984, 0.595035901031054, 0.21936681874075478, 0.21151671577621142, 0.2278166654105407, 0.21964948234862763, 0.22059059286910532, 5312.278350515464, 4027.9278350515465, 10138.896907216495, 8768.134020618556, 2.8556701030927836, 0.3295251677287988, 0.5236300600205782, 0.46750309376189775, 29.288659793814432, 1.0], "metadata_max": [0.46294485871580404, 0.30735628167045265, 0.30780559646538996, 0.26103092783505155, 12.422680412371164, 0.5695876288659795, 0.48486863984037265, 7.560652920962201, 0.6804123711340206, 0.46294485871580404, 0.6006813113520412, 0.3540112299976391, 0.35903145472240194, 0.5958236914536804, 1.8455314770013396, 1.4295995436777313, 2.3782054129608245, 2.3975980088209283, 1.4095539120198954, 0.5295473851038868, 0.5146257780357076, 0.5098525732679657, 0.4989049988645232, 0.5155335057621457, 0.3048234516027692, 0.30445855269305255, 0.30519702452075903, 0.34798567174504, 0.34346840591846506, 0.3397455940921651, 0.31895694394146734, 0.3008958852704552, 0.3386722787494594, 0.34683946181137243, 0.2918220081775613, 8323.721649484536, 5510.072164948453, 5839.103092783505, 5957.865979381444, 3.1443298969072164, 0.2532865572504389, 0.46336983920344677, 0.5170502977760472, 29.711340206185568, 1.0]}